TWEET,KULLANICI,ID,LIKE,REPLY,RETWEET
"Bakalım emeğimizin karşılığını alacakmıyız

#yks #tyt2021 #ayt2021",Abdullah,@Abdullahkyn_,4,0,0
CAHİL İNSANLA UĞRAŞMAK 2021 AYT MATEMATİKTEN DAHA ZOR #yks2021 #ayt2021,mizgin_49_312,@mizgin_49_312,15,1,2
Why Are Educated Investors Not Worried About The Dip?,Cryptonary,@cryptonary,17.9K,1.9K,3K
"Dünya, insanların imtihan yurdudur.

Adı #tyt2021 #ayt2021 olan bazı imtihanlar, evladınızın umudunu kırabilir.

Bu durumda geriye tek çare kalır. Onun yolu da el açıp er-Rezzak'a  yalvarmaktır.

Çünkü O, bir kapıyı kapatırsa; başka  kapılar açar.",Kamil KARAKAŞ,@Kamil_Ogretmen,12,0,1
9. 10. 11. ve 12. sınıf olup İstanbul 4. Levent yakınlarında kursa gitmeyi düşünenler varsa benimle iletişime geçebilir. #yks2022 #yks2021 #TYT #tyt2022 #tyt2021 #ayt2021 #ayt #ayt2021 #ayt2022 #üniversiteyehazırlık,Işıl,@isil_akbas,2,1,0
"#2021ayt #edebiyat kısmında #ösym soracak dedik ve sordudevamı YouTube Edebiyata Çağrı https://youtu.be/2wlZjKUeltM
#edebiyatnotları #edebiyatöğretmeni #aytedebiyat #ayt #ayt2021 #2022tayfa #2022tayfaçalışıyor #2021tayfa #2021yks #2021tyt #edebiyatsoru #osym #ösym #edebiyat",Çağrı Emrah Akbulut,@Cagri_Emrah_,2,0,0
Daha bir yılım var ama bende kabuslar başladı. Rüyamda sınava geç kalıyordum. Başka Bi rüyada hiçbir soruyu yapamıyorum. #yks2022 #yks21 #yks #tyt2021 #ayt2021 HADİ HAYIRLISI,Helenaaa,@__h__Helena____,1,0,0
Çok iyi siliyormuş gençliğimi ve hayallerimi #ayt2021 #GenclerDavaAcıyor,Reşat Şimşek,@Reatimek17,2,0,0
#yks2021 #tyt2021 #ayt2021,ROZERİN EFE,@rozerin_efe,1,1,0
"Anlatımın güzelliğikjkjkj
#kpss 
#ayt2021 
#tyt2021",Metin Can,@MetinCan797,0,0,0
"2021 TYT Türkçe ve AYT Türk edebiyatı sorularının çözümlerini anlattım. Umarım faydalı olur.

https://edebiyatimiz.net/2021-tyt-turkce-sorularinin-cozumu/…

https://edebiyatimiz.net/2021-ayt-turk-dili-ve-edebiyati-sorularinin-cozumu/…

#tyt2021 #ayt2021",Davut KILIÇ,@davutk187,1,0,0
"Ornek #tyt2021 veya #ayt2021 sorusu.
Aylık 3000 tl maaş alan 4 çocuk babası Ali, 1750 tl kira verir. #doğalgaz 175, #elektrik 300, #su faturası 150 tl gelir. Bina aidatı 275 tl ödeyen Ali, ayda kaç kg sebze ve kaç tane ekmek alabilir?  
Cevap) Ayda 15 ekmek, 5 kg domates belki.",Süleyman ESMER,@SleymanESMER9,0,0,0
"COHERENT-uyumlu, kolay anlaşılır, mantıklı, tutarlı

2021 YKS DİL cümle

the more challenging subjective truths into a single coherent judgement
daha zorlayıcı öznel gerçekleri tek bir tutarlı yargıya dönüştürür

#yökdil #yds #yks2021 #ingilizce #2021yks #ayt2021 #ydt2021",YDS - YÖKDİL - YKSDİL,@ingilizcehane,5,0,0
"Satılıktır.
Geliş fiyatına ilk gelen alır. 
#osym2021 
#yks2021
#tyt2021
#ayt2021",Halil Yüksel,@senyor_00,4,1,0
"EDEBIYAT NOT 

http://kitapmil.com 
Kitapmil Ekibi 

#ykssınav #yks #yks21 #yks2022 #yks22 #yksln #tytlive #tyt2021 #tyt #tyt21 #ayt2021 #ayt #ösym #meb #study #studygram #edebiyat #edebiyatnotu #kitapmil #kitapmilekip",kitapmil.com,@kitapmil,2,0,0
2022’de sınava gireceklere tek tavsiyem cumhuriyet edebiyatını bırakın  Arapça falan öğrenin #ayt2021,Elif AĞIRTAŞ,@Elifsuagrts,2,1,0
Edabiyat cevaplarımı gören ösym #ayt2021,ŞuŞu,@sule019,6,1,0
"Sınavdan önce/sınavdan sonra
#yks21 #yks2021 #COVID19 #egitim #sınav #yeter #ayt2021 #ayt21 #tyt2021 #tyt21 #aytacsasmaz #AytaçŞaşmaz #AytaçSasmaz",Bi_Beril,@Bi_Beril,0,0,0
YİNE KAZANDIK :) GARANTİ VE ÜCRETSİZ KUPON İÇİN DM GEL KAZAN #kupon #iddaa #nesine #bilyoner #papara #para #paycell #tuttur #bahis #futbol #iddaakuponu #iddaatahminleri #kombin #garanti #banko #kazanç #Sivas #hayirlicumalar #kchol #ZilletRaydanCıktı #COVID19 #132BinAileyeKötülük,Tahminci Damla,@PoncikDamla_,1,1,0
"Profilimi incele , yaz , ücretsiz para kazan . Hemde yasal yol ile. #bihterziyagil #perşembe #osmanbuyuksen #yks2021 #aşımobbingisuçtur #1Temmuzdaİsyandayız #tyt2021 #ayt2021 #yks21 #yks2021tayfa #YKS #yks2022 #ösym2021 #ösym #sınav #YanındayızEminAdanur #yks2023 #yksmatematik #a",Tahminci Damla,@PoncikDamla_,2,0,0
"Tyt ve Ayt sonuçları daha erken açıklanmalı pandemi dolayısı ile yoğunluğun azaltılması lazım öğrenciler ev ve yurd işlerini halletmeleri için üniversite sınav sonuçları biran önce açıklanmalıdır.
@yekta_sarac
 @OSYMbaskanligi
 
#tyt2021 #TYT #ayt2021 #osym2021",TİFÖB,@TifobBirlik,0,0,0
"Daha ne desin, bu çocukların ahından korkun #ayt2021 #tyt2021",Özgür İde,@ozguride,1,1,0
"Bizi öğrencilerimizden dinleyin!
Sizde yurt dışında MAVİ DİPLOMALI üniversitelere sadece lise diploması ile kayıt yaptırmak için bize ulaşın

http://antegitim.com

#yurtdışıeğitim
#yks2021tayfa
#ayt2021
#KartalTibet
#unutMADIMAKlımda
#hayirlicumalar",ANT Yurt Dışı Eğitim,@antyurtdisi,0,0,0
"Arkadaşlarım ve ben sınavdan kötü almışızdır :

#lgs2021 #lgs2021tayfa #yks2021 #tyt2021 #ayt2021",Şevo,@mrbbensevo,1,0,0
#ayt2021 #sınav #matematik #geometri #analitik #eğitim #sınav #online #vize #final #Özelders #math #mathematics #mathlovers #mathematicians #takip #follow #gt #geometry #olimpiad #taylor #takip,MATHKAFA,@mathkafa00,8,2,0
Arkadaşlar elimde tyt ayt soru bankaları var. Bazıları 1-2 test çözüldü bazıları hiç çözülmedi. Piyasanın altında satacağım almak isteyenler yazsın. #yks2021 #yks2022 #matematik #fizik #kimya  #biyoloji #tyt21 #ayt2021 #yks #sorubanka #ykskitap #letgo #kitap #university #lise,tyt ayt soru bankası,@ykssorubankasi,0,0,0
"Ondan fekarlık et bundan et.. ya ettikte ne oldu? #yks2021 'de ruhumu feda ettim. Sonuç?
Elde var koca sıfır!
#tyt2021
#ayt2021",NUR,@_nur_48,3,0,0
"Bizi öğrencilerimizden dinleyin!
Sizde yurt dışında MAVİ DİPLOMALI üniversitelere sadece lise diploması ile kayıt yaptırmak için bize ulaşın

http://antegitim.com

#yurtdışıeğitim
#yks2021tayfa
#ayt2021
#KartalTibet
#unutMADIMAKlımda
#hayirlicumalar",ANT Yurt Dışı Eğitim,@antyurtdisi,0,0,0
"Arkadaşlarım ve ben sınavdan kötü almışızdır :

#lgs2021 #lgs2021tayfa #yks2021 #tyt2021 #ayt2021",Şevo,@mrbbensevo,1,0,0
#ayt2021 #sınav #matematik #geometri #analitik #eğitim #sınav #online #vize #final #Özelders #math #mathematics #mathlovers #mathematicians #takip #follow #gt #geometry #olimpiad #taylor #takip,MATHKAFA,@mathkafa00,8,2,0
Arkadaşlar elimde tyt ayt soru bankaları var. Bazıları 1-2 test çözüldü bazıları hiç çözülmedi. Piyasanın altında satacağım almak isteyenler yazsın. #yks2021 #yks2022 #matematik #fizik #kimya  #biyoloji #tyt21 #ayt2021 #yks #sorubanka #ykskitap #letgo #kitap #university #lise,tyt ayt soru bankası,@ykssorubankasi,0,0,0
"Ondan fekarlık et bundan et.. ya ettikte ne oldu? #yks2021 'de ruhumu feda ettim. Sonuç?
Elde var koca sıfır!
#tyt2021
#ayt2021",NUR,@_nur_48,3,0,0
"Son 40 yılın en zor ""tarikat ve cemaat"" soruları çıktı sanırım. Sıralamayı etkiler diye düşünüyorum. #tyt2021 #ayt2021 #lgs2021",Tuğçe Eruygun,@tugceeruygunart,1,0,0
"Miray Yayınları her zaman olduğu gibi sınavda da yanınızdaydı 

#MirayYayınları #yks2021 #tyt2021 #ayt2021 #osymninaynasisorular",Miray Yayınları,@mirayyayinlari,0,1,0
"Tyt-Ayt 2021 Matematik soruları Değerlendirme , ÖSYM neden Matematik sorularında zorladı? Gerçek yeni nesil ne demek ?#Ayt2021 #Tyt2021 #Yks2021 #TytMatematik #AytMatematik #Matematik #GökhanŞahin  #meridyenEğitim #meridyenokulları #sarıyermeridyen 
https://youtu.be/E1MCf-nwmNI",Sosyal Medya Gündem,@Smedyagundem,0,0,0
"4-Benim açıklamalarımdan sonra ülke değiştirilmiş olabilir. Bizde bayat para olmaz, bir de yanlış bilgi olmaz. Ne dediysek o. Hepsini deli edeceğim.",Sedat Peker,@sedat_peker,20.5K,414,1.4K
2) #tyt2021 #ayt2021 nin peşpeşe olması kimlere #matematik in yanıtlarının VERİLDİĞİ BULUNMASINI ENGELLEMEK İÇİN..sen bulursun tügva #fetö gibi matematik  yanıtlarını tügvalılara veriyordur sen bulursun.. KARDEŞLERİNİN HAKKINA TECAVÜZ EDENLERİ DE BUL BE DELİ ET LÜTFEN,BozkurtumAtatr3,@BAtatr3,1,0,0
"Ondan fekarlık et bundan et.. ya ettikte ne oldu? #yks2021 'de ruhumu feda ettim. Sonuç?
Elde var koca sıfır!
#tyt2021
#ayt2021",NUR,@_nur_48,3,0,0
"Son 40 yılın en zor ""tarikat ve cemaat"" soruları çıktı sanırım. Sıralamayı etkiler diye düşünüyorum. #tyt2021 #ayt2021 #lgs2021",Tuğçe Eruygun,@tugceeruygunart,1,0,0
"Miray Yayınları her zaman olduğu gibi sınavda da yanınızdaydı 

#MirayYayınları #yks2021 #tyt2021 #ayt2021 #osymninaynasisorular",Miray Yayınları,@mirayyayinlari,0,1,0
"Tyt-Ayt 2021 Matematik soruları Değerlendirme , ÖSYM neden Matematik sorularında zorladı? Gerçek yeni nesil ne demek ?#Ayt2021 #Tyt2021 #Yks2021 #TytMatematik #AytMatematik #Matematik #GökhanŞahin  #meridyenEğitim #meridyenokulları #sarıyermeridyen 
https://youtu.be/E1MCf-nwmNI",Sosyal Medya Gündem,@Smedyagundem,0,0,0
"4-Benim açıklamalarımdan sonra ülke değiştirilmiş olabilir. Bizde bayat para olmaz, bir de yanlış bilgi olmaz. Ne dediysek o. Hepsini deli edeceğim.",Sedat Peker,@sedat_peker,20.5K,414,1.4K
2) #tyt2021 #ayt2021 nin peşpeşe olması kimlere #matematik in yanıtlarının VERİLDİĞİ BULUNMASINI ENGELLEMEK İÇİN..sen bulursun tügva #fetö gibi matematik  yanıtlarını tügvalılara veriyordur sen bulursun.. KARDEŞLERİNİN HAKKINA TECAVÜZ EDENLERİ DE BUL BE DELİ ET LÜTFEN,BozkurtumAtatr3,@BAtatr3,1,0,0
"Kardeşime sınav çıkışında sordum sınav nasıl geçti :
Parlak değildi çok da kötü değildi çocuğun beynini sikmisler #ayt2021",Apo,@feritsertt,0,0,0
YKS ÖZEL DERSLERİ VERİYORUZ BİLGİ İÇİN INSTA @ yks_evim DM #istifa #SueleymanSoylu #Survivor2021 #yks21 #yks2021 #tyt2021 #ayt2021,Yks_evim,@EvimYks,0,0,0
"Hiç bir ülke yoktur ki, bu kadar eğitimci öğretmen yönetici bla bla bla... sosyal medyada çıkıp boy boy demeç akıl taktik süslü laflar edip de eğitimde dünya sonlarında yer alan başka bir ülke olsun.
#eğitim 
@tcmeb
 #telafi #okul #yks2021 #tyt2021 #ayt2021 #lgs2021",kmnd,@kmnd3745,1,0,0
"Papara hesaplarınız alınır
Paparasiz hesap alınır
#hesapkiralama #paparakiralama #paparaalim #Yabancı #KimTutarSeni #ADA #ALTIN #dolar #Bitcoin #BTC

""HoşGeldin AleynaKalaycıoğlu""....

#ayt2021",meritroyal,@merit098722,1,0,0
